,a_modes_t,b_p_values,c_F_statist
0,model1-model0,0.5359610055953792,0.6894755253080012
1,model1-modelorinagnal,0.7093612407873064,0.3975513784419039
2,model0-modelorinagnal,0.6600399304336251,-0.4732297974052107
